INSERT Guidelines(Name, GuidelineId, GuidelineXml) VALUES('Heart failure-alcohol use','48','<title>Heart failure-alcohol use</title>')
INSERT Guidelines(Name, GuidelineId, GuidelineXml) VALUES('Heart failure-exercise','49','<title>Heart failure-exercise</title>')
INSERT Guidelines(Name, GuidelineId, GuidelineXml) VALUES('Heart failure-knowledge deficit','50','<title>Heart failure-knowledge deficit</title>')
INSERT Guidelines(Name, GuidelineId, GuidelineXml) VALUES('Heart failure-medication management','51','<title>Heart failure-medication management</title>')
INSERT Guidelines(Name, GuidelineId, GuidelineXml) VALUES('Heart failure-self management','52','<title>Heart failure-self management</title>')
INSERT Guidelines(Name, GuidelineId, GuidelineXml) VALUES('Heart failure-tobacco use','53','<title>Heart failure-tobacco use</title>')

INSERT Sections(SectionId, GuidelineId, Name, TypeId, ParentSectionId, Ordinal, StatusId) VALUES('95',NULL,'Assessment',NULL,NULL,NULL,NULL)
INSERT Sections(SectionId, GuidelineId, Name, TypeId, ParentSectionId, Ordinal, StatusId) VALUES('96',NULL,'References',NULL,NULL,NULL,NULL)
INSERT Sections(SectionId, GuidelineId, Name, TypeId, ParentSectionId, Ordinal, StatusId) VALUES('97',NULL,'Assessment',NULL,NULL,NULL,NULL)
INSERT Sections(SectionId, GuidelineId, Name, TypeId, ParentSectionId, Ordinal, StatusId) VALUES('98',NULL,'References',NULL,NULL,NULL,NULL)
INSERT Sections(SectionId, GuidelineId, Name, TypeId, ParentSectionId, Ordinal, StatusId) VALUES('99',NULL,'Assessment',NULL,NULL,NULL,NULL)
INSERT Sections(SectionId, GuidelineId, Name, TypeId, ParentSectionId, Ordinal, StatusId) VALUES('100',NULL,'References',NULL,NULL,NULL,NULL)
INSERT Sections(SectionId, GuidelineId, Name, TypeId, ParentSectionId, Ordinal, StatusId) VALUES('101',NULL,'Assessment',NULL,NULL,NULL,NULL)
INSERT Sections(SectionId, GuidelineId, Name, TypeId, ParentSectionId, Ordinal, StatusId) VALUES('102',NULL,'References',NULL,NULL,NULL,NULL)
INSERT Sections(SectionId, GuidelineId, Name, TypeId, ParentSectionId, Ordinal, StatusId) VALUES('103',NULL,'Assessment',NULL,NULL,NULL,NULL)
INSERT Sections(SectionId, GuidelineId, Name, TypeId, ParentSectionId, Ordinal, StatusId) VALUES('104',NULL,'References',NULL,NULL,NULL,NULL)
INSERT Sections(SectionId, GuidelineId, Name, TypeId, ParentSectionId, Ordinal, StatusId) VALUES('105',NULL,'Assessment',NULL,NULL,NULL,NULL)
INSERT Sections(SectionId, GuidelineId, Name, TypeId, ParentSectionId, Ordinal, StatusId) VALUES('106',NULL,'References',NULL,NULL,NULL,NULL)

INSERT GuidelineSections(GuidelineSectionId, GuidelineId, SectionId) VALUES('95','48','95')
INSERT GuidelineSections(GuidelineSectionId, GuidelineId, SectionId) VALUES('96','48','96')
INSERT GuidelineSections(GuidelineSectionId, GuidelineId, SectionId) VALUES('97','49','97')
INSERT GuidelineSections(GuidelineSectionId, GuidelineId, SectionId) VALUES('98','49','98')
INSERT GuidelineSections(GuidelineSectionId, GuidelineId, SectionId) VALUES('99','50','99')
INSERT GuidelineSections(GuidelineSectionId, GuidelineId, SectionId) VALUES('100','50','100')
INSERT GuidelineSections(GuidelineSectionId, GuidelineId, SectionId) VALUES('101','51','101')
INSERT GuidelineSections(GuidelineSectionId, GuidelineId, SectionId) VALUES('102','51','102')
INSERT GuidelineSections(GuidelineSectionId, GuidelineId, SectionId) VALUES('103','52','103')
INSERT GuidelineSections(GuidelineSectionId, GuidelineId, SectionId) VALUES('104','52','104')
INSERT GuidelineSections(GuidelineSectionId, GuidelineId, SectionId) VALUES('105','53','105')
INSERT GuidelineSections(GuidelineSectionId, GuidelineId, SectionId) VALUES('106','53','106')
